,film,poster
0,The Godfather,"<img src=""https://image.tmdb.org/t/p/w500//3bhkrj58Vtu7enYsRolD1fZdja1.jpg"">"
1,The Shawshank Redemption,"<img src=""https://image.tmdb.org/t/p/w500//q6y0Go1tsGEsmtFryDOJo3dEmqu.jpg"">"
2,The Godfather Part II,"<img src=""https://image.tmdb.org/t/p/w500//hek3koDUyRQk7FIhPXsa6mT2Zc3.jpg"">"
3,Schindler's List,"<img src=""https://image.tmdb.org/t/p/w500//sF1U4EUQS8YHUYjNl3pMGNIQyr0.jpg"">"
4,Dilwale Dulhania Le Jayenge,"<img src=""https://image.tmdb.org/t/p/w500//2CAL2433ZeIihfX1Hb2139CX0pW.jpg"">"
5,Spirited Away,"<img src=""https://image.tmdb.org/t/p/w500//39wmItIWsg5sZMyRUHLkWBcuVCM.jpg"">"
6,Impossible Things,"<img src=""https://image.tmdb.org/t/p/w500//t2Ew8NZ8Ci2kqmoecZUNQUFDJnQ.jpg"">"
7,Your Name.,"<img src=""https://image.tmdb.org/t/p/w500//q719jXXEzOoYaps6babgKnONONX.jpg"">"
8,12 Angry Men,"<img src=""https://image.tmdb.org/t/p/w500//ppd84D2i9W8jXmsyInGyihiSyqz.jpg"">"
9,Parasite,"<img src=""https://image.tmdb.org/t/p/w500//7IiTTgloJzvGI1TAYymCfbfl3vT.jpg"">"
10,Gabriel's Inferno: Part II,"<img src=""https://image.tmdb.org/t/p/w500//x5o8cLZfEXMoZczTYWLrUo1P7UJ.jpg"">"
11,Dou kyu sei – Classmates,"<img src=""https://image.tmdb.org/t/p/w500//cIfRCA5wEvj9tApca4UDUagQEiM.jpg"">"
12,The Green Mile,"<img src=""https://image.tmdb.org/t/p/w500//velWPhVMQeQKcxggNEU8YmIo52R.jpg"">"
13,Burn the Stage: The Movie,"<img src=""https://image.tmdb.org/t/p/w500//pJKy1yvnKh8UjcuYeG3Rt35xHFA.jpg"">"
14,Gabriel's Inferno,"<img src=""https://image.tmdb.org/t/p/w500//oyG9TL7FcRP4EZ9Vid6uKzwdndz.jpg"">"
15,Your Eyes Tell,"<img src=""https://image.tmdb.org/t/p/w500//cVn8E3Fxbi8HzYYtaSfsblYC4gl.jpg"">"
16,The Dark Knight,"<img src=""https://image.tmdb.org/t/p/w500//qJ2tW6WMUDux911r6m7haRef0WH.jpg"">"
17,Pulp Fiction,"<img src=""https://image.tmdb.org/t/p/w500//fIE3lAGcZDV1G6XM5KmuWnNsPp1.jpg"">"
18,"The Good, the Bad and the Ugly","<img src=""https://image.tmdb.org/t/p/w500//bX2xnavhMYjWDoZp1VM6VnU1xwe.jpg"">"
19,The Lord of the Rings: The Return of the King,"<img src=""https://image.tmdb.org/t/p/w500//rCzpDGLbOoPwLjy3OAm5NUPOTrC.jpg"">"
20,Forrest Gump,"<img src=""https://image.tmdb.org/t/p/w500//saHP97rTPS5eLmrLQEcANmKrsFl.jpg"">"
21,Gabriel's Inferno: Part III,"<img src=""https://image.tmdb.org/t/p/w500//fYtHxTxlhzD4QWfEbrC1rypysSD.jpg"">"
22,GoodFellas,"<img src=""https://image.tmdb.org/t/p/w500//aKuFiU82s5ISJpGZp7YkIr3kCUd.jpg"">"
23,Cinema Paradiso,"<img src=""https://image.tmdb.org/t/p/w500//9JhfVOveaY00o8njQu2Xrp4YWud.jpg"">"
24,Seven Samurai,"<img src=""https://image.tmdb.org/t/p/w500//iAq0sq42vKTLneVGqHn1D4GzgrM.jpg"">"
25,Life Is Beautiful,"<img src=""https://image.tmdb.org/t/p/w500//mfnkSeeVOBVheuyn2lo4tfmOPQb.jpg"">"
26,Harakiri,"<img src=""https://image.tmdb.org/t/p/w500//w7pWcLaYQkbtRUn99K6ome0DblL.jpg"">"
27,Grave of the Fireflies,"<img src=""https://image.tmdb.org/t/p/w500//qG3RYlIVpTYclR9TYIsy8p7m7AT.jpg"">"
28,Psycho,"<img src=""https://image.tmdb.org/t/p/w500//yz4QVqPx3h1hD1DfqqQkCq3rmxW.jpg"">"
29,Once Upon a Time in America,"<img src=""https://image.tmdb.org/t/p/w500//i0enkzsL5dPeneWnjl1fCWm6L7k.jpg"">"
30,Fight Club,"<img src=""https://image.tmdb.org/t/p/w500//pB8BM7pdSp6B6Ih7QZ4DrQ3PmJK.jpg"">"
31,A Dog's Will,"<img src=""https://image.tmdb.org/t/p/w500//imcOp1kJsCsAFCoOtY5OnPrFbAf.jpg"">"
32,Primal: Tales of Savagery,"<img src=""https://image.tmdb.org/t/p/w500//9NBBkdxH0TjQEBSN2AzeE1sgsF9.jpg"">"
33,One Flew Over the Cuckoo's Nest,"<img src=""https://image.tmdb.org/t/p/w500//3jcbDmRFiQ83drXNOvRDeKHxS0C.jpg"">"
34,Hotarubi no Mori e,"<img src=""https://image.tmdb.org/t/p/w500//mDqzHV8UXWWNpZkoAbKmKX1ZxEE.jpg"">"
35,Hope,"<img src=""https://image.tmdb.org/t/p/w500//1xXaGHQYZGh1RBjP8yTl7vjW6qZ.jpg"">"
36,City of God,"<img src=""https://image.tmdb.org/t/p/w500//k7eYdWvhYQyRQoU2TB2A2Xu2TfD.jpg"">"
37,"Josee, the Tiger and the Fish","<img src=""https://image.tmdb.org/t/p/w500//z1D8xi9x4uEhyFruo7uEHXUMD4K.jpg"">"
38,Spider-Man: Into the Spider-Verse,"<img src=""https://image.tmdb.org/t/p/w500//iiZZdoQBEYBv6id8su7ImL0oCbD.jpg"">"
39,A Silent Voice: The Movie,"<img src=""https://image.tmdb.org/t/p/w500//tuFaWiqX0TXoWu7DGNcmX3UW7sT.jpg"">"
40,Howl's Moving Castle,"<img src=""https://image.tmdb.org/t/p/w500//6pZgH10jhpToPcf0uvyTCPFhWpI.jpg"">"
41,Neon Genesis Evangelion: The End of Evangelion,"<img src=""https://image.tmdb.org/t/p/w500//j6G24dqI4WgUtChhWjfnI4lnmiK.jpg"">"
42,The Empire Strikes Back,"<img src=""https://image.tmdb.org/t/p/w500//2l05cFWJacyIsTpsqSgH0wQXe4V.jpg"">"
43,BTS World Tour: Love Yourself in Seoul,"<img src=""https://image.tmdb.org/t/p/w500//1u0rtWPgYfAWmqveXOsQDvMRODD.jpg"">"
44,The Lord of the Rings: The Fellowship of the Ring,"<img src=""https://image.tmdb.org/t/p/w500//6oom5QYQ2yQTMJIbnvbkBL9cHo6.jpg"">"
45,Sunset Boulevard,"<img src=""https://image.tmdb.org/t/p/w500//sC4Dpmn87oz9AuxZ15Lmip0Ftgr.jpg"">"
46,Evangelion: 3.0+1.0 Thrice Upon a Time,"<img src=""https://image.tmdb.org/t/p/w500//md5wZRRj8biHrGtyitgBZo7674t.jpg"">"
47,The Pianist,"<img src=""https://image.tmdb.org/t/p/w500//2hFvxCCWrTmCYwfy7yum0GKRi3Y.jpg"">"
48,The Shop Around the Corner,"<img src=""https://image.tmdb.org/t/p/w500//dZ1aEzGYRiqJwPfjS6VL7wUkHmF.jpg"">"
49,Interstellar,"<img src=""https://image.tmdb.org/t/p/w500//gEU2QniE6E77NI6lCU6MxlNBvIx.jpg"">"
50,Ikiru,"<img src=""https://image.tmdb.org/t/p/w500//dgNTS4EQDDVfkzJI5msKuHu2Ei3.jpg"">"
51,Whiplash,"<img src=""https://image.tmdb.org/t/p/w500//E1fpfU9cMCgFYL3QPvJr3vt20X.jpg"">"
52,Green Snake,"<img src=""https://image.tmdb.org/t/p/w500//aBGMJNuOLJO5bvFRBky4KMziQ4J.jpg"">"
53,The Lord of the Rings: The Two Towers,"<img src=""https://image.tmdb.org/t/p/w500//5VTN0pR8gcqV3EPUHHfMGnJYN9L.jpg"">"
54,Wolfwalkers,"<img src=""https://image.tmdb.org/t/p/w500//ehAKuE48okTuonq6TpsNQj8vFTC.jpg"">"
55,American History X,"<img src=""https://image.tmdb.org/t/p/w500//c2gsmSQ2Cqv8zosqKOCwRS0GFBS.jpg"">"
56,Rear Window,"<img src=""https://image.tmdb.org/t/p/w500//qitnZcLP7C9DLRuPpmvZ7GiEjJN.jpg"">"
57,Top Gun: Maverick,"<img src=""https://image.tmdb.org/t/p/w500//62HCnUTziyWcpDaBO2i1DX17ljH.jpg"">"
58,Inception,"<img src=""https://image.tmdb.org/t/p/w500//8IB2e4r4oVhHnANbnm7O3Tj6tF8.jpg"">"
59,Violet Evergarden: The Movie,"<img src=""https://image.tmdb.org/t/p/w500//keDKycCcn3VgYvZhLnGiyYYtb2H.jpg"">"
60,Se7en,"<img src=""https://image.tmdb.org/t/p/w500//69Sns8WoET6CfaYlIkHbla4l7nC.jpg"">"
61,The Great Dictator,"<img src=""https://image.tmdb.org/t/p/w500//bTW7RvjX3OkNMr3YcXVwW7aCBiF.jpg"">"
62,City Lights,"<img src=""https://image.tmdb.org/t/p/w500//bXNvzjULc9jrOVhGfjcc64uKZmZ.jpg"">"
63,Princess Mononoke,"<img src=""https://image.tmdb.org/t/p/w500//cMYCDADoLKLbB83g4WnJegaZimC.jpg"">"
64,Dedicated to my ex,"<img src=""https://image.tmdb.org/t/p/w500//xc4bTXVwYNXi10jG9dwcaYt5IpU.jpg"">"
65,Given,"<img src=""https://image.tmdb.org/t/p/w500//xKCtoYHUyX8zAg68eemnYa2orep.jpg"">"
66,The Silence of the Lambs,"<img src=""https://image.tmdb.org/t/p/w500//rplLJ2hPcOQmkFhTqUte0MkEaO2.jpg"">"
67,High and Low,"<img src=""https://image.tmdb.org/t/p/w500//tgNjemQPG96uIezpiUiXFcer5ga.jpg"">"
68,Clouds,"<img src=""https://image.tmdb.org/t/p/w500//d0OdD1I8qAfETvE9Rp9Voq7R8LR.jpg"">"
69,Purple Hearts,"<img src=""https://image.tmdb.org/t/p/w500//4JyNWkryifWbWXJyxcWh3pVya6N.jpg"">"
70,Demon Slayer -Kimetsu no Yaiba- The Movie: Mugen Train,"<img src=""https://image.tmdb.org/t/p/w500//h8Rb9gBr48ODIwYUttZNYeMWeUU.jpg"">"
71,Come and See,"<img src=""https://image.tmdb.org/t/p/w500//qNbMsKVzigERgJUbwf8pKyZogpb.jpg"">"
72,Dead Poets Society,"<img src=""https://image.tmdb.org/t/p/w500//ai40gM7SUaGA6fthvsd87o8IQq4.jpg"">"
73,Léon: The Professional,"<img src=""https://image.tmdb.org/t/p/w500//yI6X2cCM5YPJtxMhUd3dPGqDAhw.jpg"">"
74,Modern Times,"<img src=""https://image.tmdb.org/t/p/w500//9xeglIbChLIe0P4fTQNAdlG2v0C.jpg"">"
75,Five Feet Apart,"<img src=""https://image.tmdb.org/t/p/w500//kreTuJBkUjVWePRfhHZuYfhNE1T.jpg"">"
76,Once Upon a Time in the West,"<img src=""https://image.tmdb.org/t/p/w500//qbYgqOczabWNn2XKwgMtVrntD6P.jpg"">"
77,Back to the Future,"<img src=""https://image.tmdb.org/t/p/w500//fNOH9f1aA7XRTzl1sAOx9iF553Q.jpg"">"
78,Hamilton,"<img src=""https://image.tmdb.org/t/p/w500//h1B7tW0t399VDjAcWJh8m87469b.jpg"">"
79,Life in a Year,"<img src=""https://image.tmdb.org/t/p/w500//bP7u19opmHXYeTCUwGjlLldmUMc.jpg"">"
80,Paths of Glory,"<img src=""https://image.tmdb.org/t/p/w500//l2IY0gOHHmCWM90LjteFssxIV1G.jpg"">"
81,Jujutsu Kaisen 0,"<img src=""https://image.tmdb.org/t/p/w500//3pTwMUEavTzVOh6yLN0aEwR7uSy.jpg"">"
82,Justice League Dark: Apokolips War,"<img src=""https://image.tmdb.org/t/p/w500//c01Y4suApJ1Wic2xLmaq1QYcfoZ.jpg"">"
83,A Brighter Summer Day,"<img src=""https://image.tmdb.org/t/p/w500//3l8fOAwiN3N5n3hHnZ51eog7Zu2.jpg"">"
84,Woman in the Dunes,"<img src=""https://image.tmdb.org/t/p/w500//rE6vtXBDXy3cjyFmxfsDese0Eo4.jpg"">"
85,Apocalypse Now,"<img src=""https://image.tmdb.org/t/p/w500//gQB8Y5RCMkv2zwzFHbUJX3kAhvA.jpg"">"
86,Bo Burnham: Inside,"<img src=""https://image.tmdb.org/t/p/w500//ku1UvTWYvhFQbSesOD6zteY7bXT.jpg"">"
87,Le Trou,"<img src=""https://image.tmdb.org/t/p/w500//8tAyoNf8M4nnMtjZ3RPwDJcx0yL.jpg"">"
88,Perfect Blue,"<img src=""https://image.tmdb.org/t/p/w500//79vujbsWEbX4dzffBV541QXN6sf.jpg"">"
89,Rascal Does Not Dream of a Dreaming Girl,"<img src=""https://image.tmdb.org/t/p/w500//7Ai8vNEv4zEveh12JViGikoVPVV.jpg"">"
90,Avengers: Endgame,"<img src=""https://image.tmdb.org/t/p/w500//or06FN3Dka5tukK1e9sl16pB3iy.jpg"">"
91,Along with the Gods: The Last 49 Days,"<img src=""https://image.tmdb.org/t/p/w500//9BnqBHFGDv3WlCPB2qQwzAWdy7y.jpg"">"
92,Mommy,"<img src=""https://image.tmdb.org/t/p/w500//zPLyLO68iiiSF8ASGtmfXGf2EMN.jpg"">"
93,The Legend of 1900,"<img src=""https://image.tmdb.org/t/p/w500//iOcbJ5pxokOPDRgieVDbsFMrCc6.jpg"">"
94,Miracle in Cell No. 7,"<img src=""https://image.tmdb.org/t/p/w500//bOth4QmNyEkalwahfPCfiXjNh1r.jpg"">"
95,Steven Universe: The Movie,"<img src=""https://image.tmdb.org/t/p/w500//8mRgpubxHqnqvENK4Bei30xMDvy.jpg"">"
96,Tokyo Story,"<img src=""https://image.tmdb.org/t/p/w500//g2YbTYKpY7N2yDSk7BfXZ18I5QV.jpg"">"
97,Oldboy,"<img src=""https://image.tmdb.org/t/p/w500//pWDtjs568ZfOTMbURQBYuT4Qxka.jpg"">"
98,We All Loved Each Other So Much,"<img src=""https://image.tmdb.org/t/p/w500//zGGWYpiKNwjpKxelPxOMqJnUgDs.jpg"">"
99,The Intouchables,"<img src=""https://image.tmdb.org/t/p/w500//323BP0itpxTsO0skTwdnVmf7YC9.jpg"">"
100,The Art of Racing in the Rain,"<img src=""https://image.tmdb.org/t/p/w500//mi5VN4ww0JZgRFJIaPxxTGKjUg7.jpg"">"
101,Avengers: Infinity War,"<img src=""https://image.tmdb.org/t/p/w500//7WsyChQLEftFiDOVTGkv3hFpyyt.jpg"">"
102,It's a Wonderful Life,"<img src=""https://image.tmdb.org/t/p/w500//bSqt9rhDZx1Q7UZ86dBPKdNomp2.jpg"">"
103,Klaus,"<img src=""https://image.tmdb.org/t/p/w500//q125RHUDgR4gjwh1QkfYuJLYkL.jpg"">"
104,The Handmaiden,"<img src=""https://image.tmdb.org/t/p/w500//ic4s9k48semzBCUrbglyCmnGaHJ.jpg"">"
105,The Lion King,"<img src=""https://image.tmdb.org/t/p/w500//sKCr78MXSLixwmZ8DyJLrpMsd15.jpg"">"
106,Persona,"<img src=""https://image.tmdb.org/t/p/w500//bdXbfUir63TQHA5NTNcXPICZCW8.jpg"">"
107,Maquia: When the Promised Flower Blooms,"<img src=""https://image.tmdb.org/t/p/w500//hL3NqRE2ccR4Y2sYSJTrmalRjrz.jpg"">"
108,My Hero Academia: Heroes Rising,"<img src=""https://image.tmdb.org/t/p/w500//zGVbrulkupqpbwgiNedkJPyQum4.jpg"">"
109,Better Days,"<img src=""https://image.tmdb.org/t/p/w500//csVZ2ZQCj98XdZoCuW1aixMYJ0W.jpg"">"
110,Il Sorpasso,"<img src=""https://image.tmdb.org/t/p/w500//41BZ3auNuk5Hw6kKkxRPyOzXeqM.jpg"">"
111,KonoSuba: God's Blessing on this Wonderful World! Legend of Crimson,"<img src=""https://image.tmdb.org/t/p/w500//j73LuQcA21KvkVFcroWWMN8tTJv.jpg"">"
112,Wolf Children,"<img src=""https://image.tmdb.org/t/p/w500//vHMvBkr42Gh3OORcnmfCFfqJ1E.jpg"">"
113,Zack Snyder's Justice League,"<img src=""https://image.tmdb.org/t/p/w500//tnAuB8q5vv7Ax9UAEje5Xi4BXik.jpg"">"
114,I Want to Eat Your Pancreas,"<img src=""https://image.tmdb.org/t/p/w500//vHdVU0HyyB6k6kuYt8qjwTz9one.jpg"">"
115,Green Book,"<img src=""https://image.tmdb.org/t/p/w500//7BsvSuDQuoqhWmU2fL7W2GOcZHU.jpg"">"
116,Bicycle Thieves,"<img src=""https://image.tmdb.org/t/p/w500//ihLPR2hiHljvvdTzHk6NeNTVMXf.jpg"">"
117,Witness for the Prosecution,"<img src=""https://image.tmdb.org/t/p/w500//mM5Cad2ESBprh6ucPnMzMfI34Cu.jpg"">"
118,"Miraculous World: New York, United HeroeZ","<img src=""https://image.tmdb.org/t/p/w500//9YbyvcrHmY2SVbdfXpb8mC4Fy0g.jpg"">"
119,8½,"<img src=""https://image.tmdb.org/t/p/w500//9wvOlM8f3obvG9tNTkpZvF0CUU1.jpg"">"
120,Doctor Who: The Day of the Doctor,"<img src=""https://image.tmdb.org/t/p/w500//qkhP3bhxQQjs1bGEWNts64DOUkK.jpg"">"
121,The Apartment,"<img src=""https://image.tmdb.org/t/p/w500//jCgbZGYQ4PcfUBiI4679Vjz3H81.jpg"">"
122,Mortal Kombat Legends: Scorpion's Revenge,"<img src=""https://image.tmdb.org/t/p/w500//4VlXER3FImHeFuUjBShFamhIp9M.jpg"">"
123,Coco,"<img src=""https://image.tmdb.org/t/p/w500//gGEsBPAijhVUFoiNpgZXqRVWJt2.jpg"">"
124,Stalker,"<img src=""https://image.tmdb.org/t/p/w500//lUE0Bp7wH0EterJ44qMRsqtKFnp.jpg"">"
125,Children of Paradise,"<img src=""https://image.tmdb.org/t/p/w500//yiy9stl1jjVhW44ypkWMFDT8Ix3.jpg"">"
126,The Seventh Seal,"<img src=""https://image.tmdb.org/t/p/w500//wcZ21zrOsy0b52AfAF50XpTiv75.jpg"">"
127,Violet Evergarden: Eternity and the Auto Memory Doll,"<img src=""https://image.tmdb.org/t/p/w500//zjaSw6Ok0MhXjrruPrA27VHyUYC.jpg"">"
128,A Clockwork Orange,"<img src=""https://image.tmdb.org/t/p/w500//4sHeTAp65WrSSuc05nRBKddhBxO.jpg"">"
129,The Shining,"<img src=""https://image.tmdb.org/t/p/w500//nRj5511mZdTl4saWEPoj9QroTIu.jpg"">"
130,The Kid,"<img src=""https://image.tmdb.org/t/p/w500//drgMcyTsySQBnUPGaBThCHGdlWT.jpg"">"
131,Investigation of a Citizen Above Suspicion,"<img src=""https://image.tmdb.org/t/p/w500//vPTZwlq1IC4o1DCsEZEl2uGljzm.jpg"">"
132,Satantango,"<img src=""https://image.tmdb.org/t/p/w500//y38z0v4HJ12MHiKddLEoFlvPiBt.jpg"">"
133,Inglourious Basterds,"<img src=""https://image.tmdb.org/t/p/w500//7sfbEnaARXDDhKm0CZ7D7uc2sbo.jpg"">"
134,Vertigo,"<img src=""https://image.tmdb.org/t/p/w500//15uOEfqBNTVtDUT7hGBVCka0rZz.jpg"">"
135,Portrait of a Lady on Fire,"<img src=""https://image.tmdb.org/t/p/w500//2LquGwEhbg3soxSCs9VNyh5VJd9.jpg"">"
136,Star Wars,"<img src=""https://image.tmdb.org/t/p/w500//6FfCtAuVAW8XJjZ7eWeLibRLWTw.jpg"">"
137,Sansho the Bailiff,"<img src=""https://image.tmdb.org/t/p/w500//rSlZ8iM4vRM0sZrrJNmjln4kZir.jpg"">"
138,The Hate U Give,"<img src=""https://image.tmdb.org/t/p/w500//2icwBom0t5nmOuZI9FVXF3gkMK0.jpg"">"
139,Gladiator,"<img src=""https://image.tmdb.org/t/p/w500//ty8TGRuvJLPUmAR1H1nRIsgwvim.jpg"">"
140,The Usual Suspects,"<img src=""https://image.tmdb.org/t/p/w500//bUPmtQzrRhzqYySeiMpv7GurAfm.jpg"">"
141,The Help,"<img src=""https://image.tmdb.org/t/p/w500//7XLSwxpfpPoJyTdJVot6a42TS2V.jpg"">"
142,The Prestige,"<img src=""https://image.tmdb.org/t/p/w500//bdN3gXuIZYaJP7ftKK2sU0nPtEA.jpg"">"
143,Saving Private Ryan,"<img src=""https://image.tmdb.org/t/p/w500//1wY4psJ5NVEhCuOYROwLH2XExM2.jpg"">"
144,Call Me by Your Name,"<img src=""https://image.tmdb.org/t/p/w500//mZ4gBdfkhP9tvLH1DO4m4HYtiyi.jpg"">"
145,New Gods: Nezha Reborn,"<img src=""https://image.tmdb.org/t/p/w500//lBfBMeNJFfUvpkQsXsMwjcbNcp2.jpg"">"
146,The Matrix,"<img src=""https://image.tmdb.org/t/p/w500//f89U3ADr1oiB1s9GkdPOEpXUk5H.jpg"">"
147,Memento,"<img src=""https://image.tmdb.org/t/p/w500//yuNs09hvpHVU1cBTCAk9zxsL2oW.jpg"">"
148,Far from the Tree,"<img src=""https://image.tmdb.org/t/p/w500//39oaQUS0KxyXL6KYJ2o2u03PpHz.jpg"">"
149,Hacksaw Ridge,"<img src=""https://image.tmdb.org/t/p/w500//fTuxNlgEm04PPFkr1xfK94Jn8BW.jpg"">"
150,Piper,"<img src=""https://image.tmdb.org/t/p/w500//9tzpqQic0VJt4JCAJ5ZGrfs1qWV.jpg"">"
151,Shutter Island,"<img src=""https://image.tmdb.org/t/p/w500//kve20tXwUZpu4GUX8l6X7Z4jmL6.jpg"">"
152,Black Beauty,"<img src=""https://image.tmdb.org/t/p/w500//5ZjMNJJabwBEnGVQoR2yoMEL9um.jpg"">"
153,Ayla: The Daughter of War,"<img src=""https://image.tmdb.org/t/p/w500//pYhlkqBLMZuH8UmzTkENeSQ2vhb.jpg"">"
154,My Mom is a Character 3,"<img src=""https://image.tmdb.org/t/p/w500//zw77BFPGJ73Lig8GwRzYj1XHq53.jpg"">"
155,Capernaum,"<img src=""https://image.tmdb.org/t/p/w500//cqkqrIDzvkFRWVbRRQLqtkXQoPu.jpg"">"
156,Singin' in the Rain,"<img src=""https://image.tmdb.org/t/p/w500//zjrpWniKbzu0zFR5sUI1Ptdfl9y.jpg"">"
157,Soul,"<img src=""https://image.tmdb.org/t/p/w500//hm58Jw4Lw8OIeECIq5qyPYhAeRJ.jpg"">"
158,Scenes from a Marriage,"<img src=""https://image.tmdb.org/t/p/w500//ArKEdvJesIktFX8OAhcdKAOLl6I.jpg"">"
159,Taxi Driver,"<img src=""https://image.tmdb.org/t/p/w500//ekstpH614fwDX8DUln1a2Opz0N8.jpg"">"
160,Metropolis,"<img src=""https://image.tmdb.org/t/p/w500//pxbGZewX327IbTvrCVRJgcLJTSQ.jpg"">"
161,Joker,"<img src=""https://image.tmdb.org/t/p/w500//udDclJoHjfjb8Ekgsd4FDteOkCU.jpg"">"
162,Wonder,"<img src=""https://image.tmdb.org/t/p/w500//ouYgAatYH4JzIThj6FI3UYf31RI.jpg"">"
163,My Friends,"<img src=""https://image.tmdb.org/t/p/w500//8Pm8SLjq2UHCwisd56ipHtzvZI1.jpg"">"
164,All About Eve,"<img src=""https://image.tmdb.org/t/p/w500//6numIZH6uR3NlJgY9m7nGH0jhs.jpg"">"
165,Yojimbo,"<img src=""https://image.tmdb.org/t/p/w500//tN7kYPjRhDolpui9sc9Eq9n5b2O.jpg"">"
166,Casablanca,"<img src=""https://image.tmdb.org/t/p/w500//5K7cOHoay2mZusSLezBOY0Qxh8a.jpg"">"
167,La Dolce Vita,"<img src=""https://image.tmdb.org/t/p/w500//xgqVtaGbITWeIYR3mkYo39bRd36.jpg"">"
168,Togo,"<img src=""https://image.tmdb.org/t/p/w500//921q4gPNN4J6UxvKaw6SCNBe3F8.jpg"">"
169,Scarface,"<img src=""https://image.tmdb.org/t/p/w500//iQ5ztdjvteGeboxtmRdXEChJOHh.jpg"">"
170,The Departed,"<img src=""https://image.tmdb.org/t/p/w500//jyAgiqVSx5fl0NNj7WoGGKweXrL.jpg"">"
171,Abraham Lincoln Vampire Hunter: The Great Calamity,"<img src=""https://image.tmdb.org/t/p/w500//9kD8bohNKE1truudhmeOtOjfNeH.jpg"">"
172,Bo Burnham: Make Happy,"<img src=""https://image.tmdb.org/t/p/w500//1RqDE7X2rGjxKOklweUFd2U7Vn0.jpg"">"
173,Me Against You: Mr. S's Vendetta,"<img src=""https://image.tmdb.org/t/p/w500//4XzbcAKdX4n3aWfzBjjeAlm68S3.jpg"">"
174,Django Unchained,"<img src=""https://image.tmdb.org/t/p/w500//7oWY8VDWW7thTzWh3OKYRkWUlD5.jpg"">"
175,"Lock, Stock and Two Smoking Barrels","<img src=""https://image.tmdb.org/t/p/w500//8kSerJrhrJWKLk1LViesGcnrUPE.jpg"">"
176,The Father,"<img src=""https://image.tmdb.org/t/p/w500//pr3bEQ517uMb5loLvjFQi8uLAsp.jpg"">"
177,Everything Everywhere All at Once,"<img src=""https://image.tmdb.org/t/p/w500//w3LxiVYdWWRvEVdn5RYq6jIqkb1.jpg"">"
178,Central Station,"<img src=""https://image.tmdb.org/t/p/w500//zJvp7XjQ2LhPbDVYhFXyucs40vR.jpg"">"
179,The Great War,"<img src=""https://image.tmdb.org/t/p/w500//aDvKsUb5y7GMNMz2HHNtuGww5t8.jpg"">"
180,Sherlock Jr.,"<img src=""https://image.tmdb.org/t/p/w500//1G9r3rqtbFAQuyWKOZm4Y5J5s7Q.jpg"">"
181,Andrei Rublev,"<img src=""https://image.tmdb.org/t/p/w500//910xRIUmNJrWH2hkQifBJtoPp5R.jpg"">"
182,Out of the Clear Blue Sky,"<img src=""https://image.tmdb.org/t/p/w500//xg6QZdlHrq2dtSK8cfnQQMnmpeY.jpg"">"
183,Anne of Green Gables,"<img src=""https://image.tmdb.org/t/p/w500//wuF8aapqbDPFkoWbwI5LWfDXpVq.jpg"">"
184,Rashomon,"<img src=""https://image.tmdb.org/t/p/w500//vL7Xw04nFMHwnvXRFCmYYAzMUvY.jpg"">"
185,Full Metal Jacket,"<img src=""https://image.tmdb.org/t/p/w500//kMKyx1k8hWWscYFnPbnxxN4Eqo4.jpg"">"
186,Reservoir Dogs,"<img src=""https://image.tmdb.org/t/p/w500//3cLdyCpJ7LlDCyEmAmNH6V5x3kJ.jpg"">"
187,Double Indemnity,"<img src=""https://image.tmdb.org/t/p/w500//7YNuG4Az4RotLmY3SvFdAFhSW5l.jpg"">"
188,Dr. Strangelove or: How I Learned to Stop Worrying and Love the Bomb,"<img src=""https://image.tmdb.org/t/p/w500//gHm96BRW4GoI339rF1vYoYTB6Qe.jpg"">"
189,Good Will Hunting,"<img src=""https://image.tmdb.org/t/p/w500//bABCBKYBK7A5G1x0FzoeoNfuj2.jpg"">"
190,Alien,"<img src=""https://image.tmdb.org/t/p/w500//vfrQk5IPloGg1v9Rzbh2Eg3VGyM.jpg"">"
191,Wild Strawberries,"<img src=""https://image.tmdb.org/t/p/w500//iyTD2QnySNMPUPE3IedZQipSWfz.jpg"">"
192,Some Like It Hot,"<img src=""https://image.tmdb.org/t/p/w500//hVIKyTK13AvOGv7ICmJjK44DTzp.jpg"">"
193,Nobody,"<img src=""https://image.tmdb.org/t/p/w500//oBgWY00bEFeZ9N25wWVyuQddbAo.jpg"">"
194,Red Beard,"<img src=""https://image.tmdb.org/t/p/w500//fo800fRcWtl3Zhs6tPHfXP4KBak.jpg"">"
195,The Invisible Guest,"<img src=""https://image.tmdb.org/t/p/w500//fptnZJbLzKUHeNlYrAynbyoL5YJ.jpg"">"
196,Cruella,"<img src=""https://image.tmdb.org/t/p/w500//wToO8opxkGwKgSfJ1JK8tGvkG6U.jpg"">"
197,The Tale of The Princess Kaguya,"<img src=""https://image.tmdb.org/t/p/w500//mWRQNlWXYYfd2z4FRm99MsgHgiA.jpg"">"
198,Hannah Gadsby: Nanette,"<img src=""https://image.tmdb.org/t/p/w500//xyDapdXEqic7pkLFvvvEW5dI3or.jpg"">"
199,The Truman Show,"<img src=""https://image.tmdb.org/t/p/w500//vuza0WqY239yBXOadKlGwJsZJFE.jpg"">"
